{
  "pipeline_start_time": 1770931058.9566028,
  "last_stage_completed": 7,
  "stage_results": [
    {
      "name": "Clean Output Directories",
      "exit_code": 0,
      "duration": 0.0189359188079834,
      "timestamp": "2026-02-12 13:18:53",
      "completed": true
    },
    {
      "name": "Environment Setup",
      "exit_code": 0,
      "duration": 1.0703210830688477,
      "timestamp": "2026-02-12 13:18:53",
      "completed": true
    },
    {
      "name": "Project Tests",
      "exit_code": 0,
      "duration": 9.64297604560852,
      "timestamp": "2026-02-12 13:18:53",
      "completed": true
    },
    {
      "name": "Project Analysis",
      "exit_code": 0,
      "duration": 2.0900650024414062,
      "timestamp": "2026-02-12 13:18:53",
      "completed": true
    },
    {
      "name": "PDF Rendering",
      "exit_code": 0,
      "duration": 61.12445020675659,
      "timestamp": "2026-02-12 13:18:53",
      "completed": true
    },
    {
      "name": "Output Validation",
      "exit_code": 0,
      "duration": 0.4619128704071045,
      "timestamp": "2026-02-12 13:18:53",
      "completed": true
    },
    {
      "name": "Copy Outputs",
      "exit_code": 0,
      "duration": 0.4271070957183838,
      "timestamp": "2026-02-12 13:18:53",
      "completed": true
    }
  ],
  "total_stages": 8,
  "checkpoint_time": 1770931133.79508
}