{
  "fig:fig0_thematic_atlas": {
    "figure_id": "figure_000",
    "filename": "fig0_thematic_atlas.png",
    "caption": "Blake Active Inference - Thematic Atlas",
    "label": "fig:fig0_thematic_atlas",
    "section": "results",
    "width": "0.8\\textwidth",
    "placement": "h",
    "generated_by": "generate_figures.py",
    "metadata": {}
  },
  "fig:fig1_doors_of_perception": {
    "figure_id": "figure_001",
    "filename": "fig1_doors_of_perception.png",
    "caption": "Blake Active Inference - Doors Of Perception",
    "label": "fig:fig1_doors_of_perception",
    "section": "results",
    "width": "0.8\\textwidth",
    "placement": "h",
    "generated_by": "generate_figures.py",
    "metadata": {}
  },
  "fig:fig2_fourfold_vision": {
    "figure_id": "figure_002",
    "filename": "fig2_fourfold_vision.png",
    "caption": "Blake Active Inference - Fourfold Vision",
    "label": "fig:fig2_fourfold_vision",
    "section": "results",
    "width": "0.8\\textwidth",
    "placement": "h",
    "generated_by": "generate_figures.py",
    "metadata": {}
  },
  "fig:fig3_perception_action_cycle": {
    "figure_id": "figure_003",
    "filename": "fig3_perception_action_cycle.png",
    "caption": "Blake Active Inference - Perception Action Cycle",
    "label": "fig:fig3_perception_action_cycle",
    "section": "results",
    "width": "0.8\\textwidth",
    "placement": "h",
    "generated_by": "generate_figures.py",
    "metadata": {}
  },
  "fig:fig4_newtons_sleep": {
    "figure_id": "figure_004",
    "filename": "fig4_newtons_sleep.png",
    "caption": "Blake Active Inference - Newtons Sleep",
    "label": "fig:fig4_newtons_sleep",
    "section": "results",
    "width": "0.8\\textwidth",
    "placement": "h",
    "generated_by": "generate_figures.py",
    "metadata": {}
  },
  "fig:fig5_four_zoas": {
    "figure_id": "figure_005",
    "filename": "fig5_four_zoas.png",
    "caption": "Blake Active Inference - Four Zoas",
    "label": "fig:fig5_four_zoas",
    "section": "results",
    "width": "0.8\\textwidth",
    "placement": "h",
    "generated_by": "generate_figures.py",
    "metadata": {}
  },
  "fig:fig6_temporal_horizons": {
    "figure_id": "figure_006",
    "filename": "fig6_temporal_horizons.png",
    "caption": "Blake Active Inference - Temporal Horizons",
    "label": "fig:fig6_temporal_horizons",
    "section": "results",
    "width": "0.8\\textwidth",
    "placement": "h",
    "generated_by": "generate_figures.py",
    "metadata": {}
  },
  "fig:fig7_collective_jerusalem": {
    "figure_id": "figure_007",
    "filename": "fig7_collective_jerusalem.png",
    "caption": "Blake Active Inference - Collective Jerusalem",
    "label": "fig:fig7_collective_jerusalem",
    "section": "results",
    "width": "0.8\\textwidth",
    "placement": "h",
    "generated_by": "generate_figures.py",
    "metadata": {}
  }
}